{
	"class_name" : "PinholeCameraParameters",
	"extrinsic" : 
	[
		0.88853791271307814,
		0.069714165562052025,
		-0.45347581279652988,
		0.0,
		-0.0995264642521827,
		-0.93556546895098069,
		-0.33883880565836988,
		0.0,
		-0.44787817605342817,
		0.34620396939740355,
		-0.82434698458145417,
		0.0,
		-0.021016823328519091,
		0.03174700642673875,
		0.28254244624093516,
		1.0
	],
	"intrinsic" : 
	{
		"height" : 1017,
		"intrinsic_matrix" : 
		[
			880.74783564877418,
			0.0,
			0.0,
			0.0,
			880.74783564877418,
			0.0,
			959.5,
			508.0,
			1.0
		],
		"width" : 1920
	},
	"version_major" : 1,
	"version_minor" : 0
}